{
  "matched_count": 180,
  "mean_delta": 38.79179068212965,
  "median_delta": 0.024630419743228882,
  "data_better_count": 72,
  "selectivity_better_count": 108,
  "tie_count": 0
}