{
  "gt_results_sf1_qt8_10x10_m0": {
    "count": 180,
    "min": 1.000049682034976,
    "p5": 1.0112020487020654,
    "p10": 1.0271584649151855,
    "p25": 1.058995931381577,
    "median": 1.1294559145400003,
    "p75": 1.242040857516468,
    "p90": 10.836674988757276,
    "p95": 53.71557123814826,
    "p99": 1010.5338121471812,
    "max": 1057.3125,
    "mean": 39.92006531267838,
    "std": 170.32413017536305,
    "iqr": 0.18304492613489098,
    "skew": 4.798508807913217,
    "kurtosis": 22.640125777136518,
    "plan_change_rate": 0.31666666666666665,
    "axis_count": 2
  },
  "gt_results_sf1_qt8_10x10_m1": {
    "count": 180,
    "min": 1.0015816069653969,
    "p5": 1.0124472468322443,
    "p10": 1.0179044160971211,
    "p25": 1.0553119500665824,
    "median": 1.1034305540612435,
    "p75": 1.1821877318207883,
    "p90": 1.2731968995233611,
    "p95": 1.3189912952713208,
    "p99": 1.4180720354449687,
    "max": 1.4660962722061337,
    "mean": 1.1282746305487321,
    "std": 0.09929411602124993,
    "iqr": 0.12687578175420589,
    "skew": 1.0371152497651617,
    "kurtosis": 0.770680485812361,
    "plan_change_rate": 0.2777777777777778,
    "axis_count": 2
  }
}